Date,Open Price,High Price,Low Price,Close Price,WAP,No.of Shares,No. of Trades,Total Turnover (Rs.),Deliverable Quantity,% Deli. Qty to Traded Qty,Spread High-Low,Spread Close-Open
6-January-2021,10.00,10.00,9.65,10.00,9.985599322321050402,2361,7,23576.00,2361,100.00,0.35,0.00
5-January-2021,10.97,10.97,9.94,10.00,10.036908077994428969,1436,8,14413.00,1436,100.00,1.03,-0.97
4-January-2021,10.45,11.55,10.45,10.45,10.791304347826086956,1610,9,17374.00,1400,86.96,1.10,0.00
1-January-2021,11.20,11.20,11.00,11.00,11.182000000000000000,500,3,5591.00,500,100.00,0.20,-0.20
31-December-2020,11.20,11.20,11.20,11.20,11.197115384615384615,208,2,2329.00,208,100.00,0.00,0.00
30-December-2020,11.45,11.45,10.80,11.20,10.826171875000000000,512,5,5543.00,512,100.00,0.65,-0.25
29-December-2020,11.05,11.57,11.05,11.20,11.161290322580645161,310,4,3460.00,310,100.00,0.52,0.15
28-December-2020,10.50,11.02,10.50,11.02,10.520325203252032520,246,2,2588.00,246,100.00,0.52,0.52
24-December-2020,10.50,10.55,10.50,10.50,10.497435897435897435,195,4,2047.00,195,100.00,0.05,0.00
23-December-2020,10.45,11.00,10.45,11.00,10.455445544554455445,1414,5,14784.00,1414,100.00,0.55,0.55
22-December-2020,11.00,11.00,11.00,11.00,11.000000000000000000,200,1,2200.00,200,100.00,0.00,0.00
17-December-2020,10.45,11.53,10.45,11.53,11.166666666666666666,150,3,1675.00,150,100.00,1.08,1.08
15-December-2020,9.95,10.99,9.95,10.99,9.962363567933759879,5314,8,52940.00,5314,100.00,1.04,1.04
14-December-2020,11.00,11.55,10.45,10.47,10.790079365079365079,2520,8,27191.00,2520,100.00,1.10,-0.53
10-December-2020,11.18,11.73,10.65,11.00,11.494175511260678229,3863,10,44402.00,3862,99.97,1.08,-0.18
9-December-2020,10.12,11.18,10.12,11.18,10.271428571428571428,350,7,3595.00,300,85.71,1.06,1.06
8-December-2020,10.64,11.00,10.64,10.65,10.718726307808946171,1319,9,14138.00,1318,99.92,0.36,0.01
7-December-2020,11.19,11.19,11.19,11.19,11.160000000000000000,25,1,279.00,25,100.00,0.00,0.00
4-December-2020,11.19,11.19,11.19,11.19,11.189985272459499263,679,8,7598.00,679,100.00,0.00,0.00
3-December-2020,11.91,11.91,11.77,11.77,11.838551859099804305,1022,6,12099.00,1022,100.00,0.14,-0.14
2-December-2020,12.50,12.50,12.38,12.38,12.381639880141650776,7342,10,90906.00,7342,100.00,0.12,-0.12
1-December-2020,13.03,13.03,13.03,13.03,13.000000000000000000,1,1,13.00,1,100.00,0.00,0.00
27-November-2020,13.95,13.95,13.26,13.71,13.825657894736842105,304,5,4203.00,304,100.00,0.69,-0.24
26-November-2020,13.95,13.95,13.95,13.95,13.950000000000000000,20,1,279.00,20,100.00,0.00,0.00
25-November-2020,13.30,13.30,13.30,13.30,13.300000000000000000,20,2,266.00,20,100.00,0.00,0.00
24-November-2020,14.00,14.00,14.00,14.00,14.000000000000000000,10,1,140.00,10,100.00,0.00,0.00
19-November-2020,14.00,14.00,14.00,14.00,14.000000000000000000,10,1,140.00,10,100.00,0.00,0.00
18-November-2020,13.56,13.56,13.56,13.56,13.500000000000000000,10,1,135.00,10,100.00,0.00,0.00
17-November-2020,12.95,12.95,12.92,12.92,12.943914081145584725,838,8,10847.00,751,89.62,0.03,-0.03
14-November-2020,13.84,13.84,13.60,13.60,13.714285714285714285,21,3,288.00,21,100.00,0.24,-0.24
12-November-2020,12.00,13.19,12.00,13.19,13.093750000000000000,32,3,419.00,32,100.00,1.19,1.19
11-November-2020,11.50,12.57,11.40,12.57,11.439811701412239408,2974,6,34022.00,2874,96.64,1.17,1.07
10-November-2020,11.99,11.99,11.99,11.99,11.989473684210526315,475,10,5695.00,475,100.00,0.00,0.00
9-November-2020,10.48,11.56,10.47,11.56,10.472111553784860557,502,4,5257.00,502,100.00,1.09,1.08
6-November-2020,11.59,12.16,11.02,11.02,11.213559322033898305,885,8,9924.00,785,88.70,1.14,-0.57
5-November-2020,12.79,12.79,11.59,11.59,11.793495934959349593,615,10,7253.00,515,83.74,1.20,-1.20
4-November-2020,12.19,12.19,12.19,12.19,12.189868028948488718,2349,5,28634.00,2349,100.00,0.00,0.00
3-November-2020,12.90,14.05,12.83,12.83,12.899404657678164944,11422,8,147337.00,11422,100.00,1.22,-0.07
2-November-2020,12.26,13.50,12.26,13.50,12.391397849462365591,465,2,5762.00,465,100.00,1.24,1.24
30-October-2020,13.90,13.90,12.60,12.90,13.074074074074074074,54,3,706.00,54,100.00,1.30,-1.00
28-October-2020,13.00,13.30,12.10,13.25,12.656000000000000000,5000,6,63280.00,5000,100.00,1.20,0.25
27-October-2020,13.00,13.00,12.70,12.70,12.900000000000000000,1500,2,19350.00,1500,100.00,0.30,-0.30
26-October-2020,13.35,13.35,13.35,13.35,13.300000000000000000,10,1,133.00,10,100.00,0.00,0.00
23-October-2020,14.05,14.05,12.75,12.75,12.765849535080304311,1183,5,15102.00,1183,100.00,1.30,-1.30
21-October-2020,13.45,13.45,12.25,13.40,12.480000000000000000,125,3,1560.00,125,100.00,1.20,-0.05
20-October-2020,12.00,12.85,11.65,12.85,11.715233581584292484,7385,11,86517.00,7275,98.51,1.20,0.85
19-October-2020,12.25,12.25,12.25,12.25,12.249859154929577464,3550,10,43487.00,3550,100.00,0.00,0.00
16-October-2020,14.00,14.00,12.85,12.85,13.320000000000000000,25,3,333.00,25,100.00,1.15,-1.15
15-October-2020,13.50,13.50,13.50,13.50,13.500000000000000000,700,3,9450.00,700,100.00,0.00,0.00
13-October-2020,13.45,14.20,13.45,14.20,13.461790751065923253,3049,4,41045.00,3049,100.00,0.75,0.75
12-October-2020,14.15,14.15,14.15,14.15,14.145454545454545454,110,3,1556.00,110,100.00,0.00,0.00
9-October-2020,13.45,14.85,13.45,14.85,13.501123595505617977,2670,9,36048.00,2670,100.00,1.40,1.40
8-October-2020,14.15,14.15,14.15,14.15,14.150000000000000000,2700,2,38205.00,2700,100.00,0.00,0.00
7-October-2020,14.85,14.85,14.85,14.85,14.849872773536895674,5109,3,75868.00,5109,100.00,0.00,0.00
6-October-2020,15.45,15.45,15.15,15.15,15.153846153846153846,26,3,394.00,26,100.00,0.30,-0.30
5-October-2020,15.45,15.45,15.45,15.45,15.400000000000000000,5,2,77.00,5,100.00,0.00,0.00
1-October-2020,15.75,15.75,15.75,15.75,15.000000000000000000,1,1,15.00,1,100.00,0.00,0.00
30-September-2020,15.75,15.75,15.75,15.75,15.750000000000000000,900,1,14175.00,900,100.00,0.00,0.00
29-September-2020,16.05,16.05,16.05,16.05,16.000000000000000000,1,1,16.00,1,100.00,0.00,0.00
28-September-2020,16.35,16.35,16.35,16.35,16.200000000000000000,5,1,81.00,5,100.00,0.00,0.00
25-September-2020,16.65,16.65,16.65,16.65,16.600000000000000000,5,1,83.00,5,100.00,0.00,0.00
23-September-2020,16.95,16.95,16.95,16.95,16.950000000000000000,100,1,1695.00,100,100.00,0.00,0.00
18-September-2020,17.00,17.25,16.90,17.25,17.212634446861720513,49183,29,846569.00,49183,100.00,0.35,0.25
17-September-2020,16.95,16.95,16.95,16.95,16.800000000000000000,5,1,84.00,5,100.00,0.00,0.00
16-September-2020,17.35,17.35,17.25,17.25,17.252754374594944912,3086,3,53242.00,3086,100.00,0.10,-0.10
15-September-2020,17.05,17.05,17.05,17.05,17.050000000000000000,20,2,341.00,20,100.00,0.00,0.00
14-September-2020,16.85,17.35,16.85,17.35,17.282222222222222222,450,7,7777.00,450,100.00,0.50,0.50
11-September-2020,17.15,17.15,17.15,17.15,17.150000000000000000,20,1,343.00,20,100.00,0.00,0.00
10-September-2020,17.55,17.55,17.45,17.45,17.546255506607929515,454,2,7966.00,454,100.00,0.10,-0.10
9-September-2020,17.25,17.95,17.25,17.25,17.821190951430472388,6012,10,107141.00,6006,99.90,0.70,0.00
8-September-2020,17.60,17.60,17.60,17.60,17.599459945994599459,1111,1,19553.00,1111,100.00,0.00,0.00
7-September-2020,17.60,17.95,17.60,17.95,17.920990004759638267,2101,7,37652.00,2101,100.00,0.35,0.35
4-September-2020,17.30,17.60,17.30,17.60,17.561797752808988764,89,3,1563.00,89,100.00,0.30,0.30
3-September-2020,17.30,17.30,17.30,17.30,17.300000000000000000,50,1,865.00,50,100.00,0.00,0.00
2-September-2020,17.15,17.15,17.00,17.00,17.010000000000000000,100,5,1701.00,100,100.00,0.15,-0.15
1-September-2020,16.60,16.85,16.60,16.85,16.741525423728813559,236,4,3951.00,236,100.00,0.25,0.25
31-August-2020,16.85,16.85,16.85,16.85,16.000000000000000000,1,1,16.00,1,100.00,0.00,0.00
28-August-2020,16.90,16.90,16.85,16.85,16.899009900990099009,505,2,8534.00,505,100.00,0.05,-0.05
27-August-2020,16.90,17.10,16.90,16.90,16.977443609022556390,133,8,2258.00,133,100.00,0.20,0.00
26-August-2020,17.20,17.20,17.20,17.20,17.200000000000000000,10,1,172.00,10,100.00,0.00,0.00
25-August-2020,17.10,17.20,17.10,17.20,17.100000000000000000,10,2,171.00,10,100.00,0.10,0.10
20-August-2020,17.40,17.40,17.40,17.40,17.400000000000000000,10,2,174.00,10,100.00,0.00,0.00
18-August-2020,17.40,17.40,17.40,17.40,17.400000000000000000,5,1,87.00,5,100.00,0.00,0.00
13-August-2020,17.75,17.75,17.75,17.75,17.750000000000000000,1000,8,17750.00,1000,100.00,0.00,0.00
11-August-2020,18.80,18.80,18.10,18.10,18.000000000000000000,2,2,36.00,2,100.00,0.70,-0.70
10-August-2020,18.45,18.45,18.45,18.45,18.000000000000000000,1,1,18.00,1,100.00,0.00,0.00
7-August-2020,18.10,18.10,18.10,18.10,18.100000000000000000,900,5,16290.00,900,100.00,0.00,0.00
6-August-2020,18.45,18.45,18.45,18.45,18.449119373776908023,1022,5,18855.00,1022,100.00,0.00,0.00
4-August-2020,18.65,18.80,18.65,18.80,18.785714285714285714,112,4,2104.00,106,94.64,0.15,0.15
3-August-2020,18.45,18.45,18.45,18.45,18.000000000000000000,1,1,18.00,1,100.00,0.00,0.00
31-July-2020,18.90,18.90,18.45,18.45,18.863447127393838467,1201,35,22655.00,1201,100.00,0.45,-0.45
30-July-2020,18.80,18.80,18.80,18.80,18.750000000000000000,4,4,75.00,4,100.00,0.00,0.00
29-July-2020,19.35,19.35,18.65,18.65,19.187500000000000000,16,7,307.00,16,100.00,0.70,-0.70
28-July-2020,19.00,19.00,19.00,19.00,19.000000000000000000,7,7,133.00,7,100.00,0.00,0.00
27-July-2020,19.25,19.25,18.90,18.90,19.166666666666666666,6,2,115.00,6,100.00,0.35,-0.35
23-July-2020,19.25,19.25,19.25,19.25,19.000000000000000000,2,2,38.00,2,100.00,0.00,0.00
22-July-2020,19.60,19.60,19.60,19.60,19.588235294117647058,51,2,999.00,51,100.00,0.00,0.00
20-July-2020,20.00,20.00,20.00,20.00,20.000000000000000000,1,1,20.00,1,100.00,0.00,0.00
17-July-2020,19.65,19.65,19.65,19.65,19.600000000000000000,5,1,98.00,5,100.00,0.00,0.00
16-July-2020,19.30,19.30,19.30,19.30,19.290909090909090909,55,6,1061.00,55,100.00,0.00,0.00
10-July-2020,18.95,19.30,18.95,19.30,19.000000000000000000,4,3,76.00,2,50.00,0.35,0.35
9-July-2020,19.30,19.30,19.30,19.30,19.298850574712643678,261,10,5037.00,261,100.00,0.00,0.00
7-July-2020,19.65,19.65,19.65,19.65,19.000000000000000000,1,1,19.00,1,100.00,0.00,0.00
6-July-2020,20.15,20.15,19.75,19.75,20.000000000000000000,6,2,120.00,6,100.00,0.40,-0.40
2-July-2020,20.15,20.15,20.15,20.15,20.150000000000000000,1520,3,30628.00,1520,100.00,0.00,0.00
1-July-2020,20.05,20.45,20.05,20.45,20.065806313993174061,9376,11,188137.00,9376,100.00,0.40,0.40
30-June-2020,20.45,20.45,20.45,20.45,20.449445531637312459,1533,9,31349.00,1533,100.00,0.00,0.00
29-June-2020,20.85,20.85,20.85,20.85,20.848837209302325581,86,2,1793.00,86,100.00,0.00,0.00
26-June-2020,20.85,20.85,20.85,20.85,20.850000000000000000,60,2,1251.00,60,100.00,0.00,0.00
24-June-2020,20.85,20.85,20.85,20.85,20.849350649350649350,770,1,16054.00,770,100.00,0.00,0.00
23-June-2020,21.05,21.05,20.85,20.85,20.888689407540394973,1671,6,34905.00,1671,100.00,0.20,-0.20
22-June-2020,20.70,20.70,20.70,20.70,20.695238095238095238,105,2,2173.00,105,100.00,0.00,0.00
19-June-2020,20.30,20.30,20.30,20.30,20.000000000000000000,2,2,40.00,2,100.00,0.00,0.00
17-June-2020,20.30,20.30,19.90,20.30,20.105653382761816496,1079,6,21694.00,1079,100.00,0.40,0.00
16-June-2020,19.95,19.95,19.95,19.95,19.000000000000000000,1,1,19.00,1,100.00,0.00,0.00
12-June-2020,19.60,19.60,19.60,19.60,19.000000000000000000,1,1,19.00,1,100.00,0.00,0.00
11-June-2020,19.95,19.95,19.95,19.95,19.904761904761904761,21,2,418.00,21,100.00,0.00,0.00
10-June-2020,20.40,20.40,19.60,19.60,19.997566909975669099,411,8,8219.00,321,78.10,0.80,-0.80
9-June-2020,20.00,20.00,20.00,20.00,20.000000000000000000,1,1,20.00,1,100.00,0.00,0.00
8-June-2020,19.70,19.70,19.70,19.70,19.000000000000000000,1,1,19.00,1,100.00,0.00,0.00
5-June-2020,20.85,20.85,20.10,20.10,20.203448275862068965,580,3,11718.00,580,100.00,0.75,-0.75
4-June-2020,20.55,20.55,19.75,20.50,20.499922275765583709,6433,15,131876.00,6433,100.00,0.80,-0.05
3-June-2020,20.15,20.15,20.15,20.15,20.149933065595716198,4482,7,90312.00,4482,100.00,0.00,0.00
2-June-2020,19.80,19.80,19.80,19.80,19.800000000000000000,1400,2,27720.00,1400,100.00,0.00,0.00
1-June-2020,19.45,19.45,19.15,19.45,19.337508698677800974,1437,14,27788.00,1437,100.00,0.30,0.00
29-May-2020,18.75,19.10,18.75,19.10,18.958000000000000000,500,4,9479.00,500,100.00,0.35,0.35
26-May-2020,19.00,19.00,18.75,18.75,18.820008035355564483,2489,9,46843.00,2489,100.00,0.25,-0.25
22-May-2020,19.80,19.80,19.10,19.10,19.566666666666666666,600,4,11740.00,500,83.33,0.70,-0.70
15-May-2020,19.45,19.45,19.45,19.45,19.450000000000000000,100,1,1945.00,100,100.00,0.00,0.00
12-May-2020,19.50,20.20,19.50,19.50,19.521444695259593679,7531,17,147016.00,7531,100.00,0.70,0.00
5-May-2020,19.85,19.85,19.85,19.85,19.000000000000000000,1,1,19.00,1,100.00,0.00,0.00
4-May-2020,20.65,20.65,20.25,20.25,20.516666666666666666,1500,3,30775.00,1500,100.00,0.40,-0.40
22-April-2020,20.20,20.65,20.20,20.65,20.500000000000000000,300,3,6150.00,300,100.00,0.45,0.45
21-April-2020,19.90,20.25,19.90,20.25,20.154334038054968287,473,4,9533.00,473,100.00,0.35,0.35
20-April-2020,19.60,19.95,19.60,19.95,19.690476190476190476,378,4,7443.00,378,100.00,0.35,0.35
16-April-2020,19.60,19.60,19.60,19.60,19.600000000000000000,10,1,196.00,10,100.00,0.00,0.00
13-April-2020,19.25,19.25,19.25,19.25,19.200000000000000000,5,1,96.00,5,100.00,0.00,0.00
9-April-2020,18.90,18.90,18.90,18.90,18.800000000000000000,5,1,94.00,5,100.00,0.00,0.00
7-April-2020,18.55,18.55,18.55,18.55,18.520000000000000000,25,1,463.00,25,100.00,0.00,0.00
31-March-2020,17.50,18.20,17.50,18.20,17.500000000000000000,436,3,7630.00,436,100.00,0.70,0.70
30-March-2020,18.55,18.55,17.85,17.85,18.306666666666666666,75,4,1373.00,75,100.00,0.70,-0.70
24-March-2020,17.50,18.20,17.50,18.20,17.960132890365448504,301,7,5406.00,301,100.00,0.70,0.70
16-March-2020,17.85,17.85,17.85,17.85,17.000000000000000000,1,1,17.00,1,100.00,0.00,0.00
12-March-2020,18.20,18.20,18.20,18.20,18.188679245283018867,53,2,964.00,53,100.00,0.00,0.00
11-March-2020,18.55,18.55,18.55,18.55,18.548780487804878048,164,2,3042.00,164,100.00,0.00,0.00
9-March-2020,18.90,18.90,18.90,18.90,18.900000000000000000,50,1,945.00,50,100.00,0.00,0.00
6-March-2020,19.25,19.25,19.25,19.25,19.247619047619047619,105,3,2021.00,105,100.00,0.00,0.00
5-March-2020,19.60,19.60,19.60,19.60,19.600000000000000000,50,1,980.00,50,100.00,0.00,0.00
2-March-2020,20.00,20.00,20.00,20.00,20.000000000000000000,120,2,2400.00,120,100.00,0.00,0.00
28-February-2020,20.40,20.40,20.40,20.40,20.400000000000000000,100,1,2040.00,100,100.00,0.00,0.00
27-February-2020,20.80,20.80,20.80,20.80,20.800000000000000000,200,1,4160.00,200,100.00,0.00,0.00
26-February-2020,21.20,21.20,21.20,21.20,21.200000000000000000,200,1,4240.00,200,100.00,0.00,0.00
25-February-2020,21.60,21.60,21.60,21.60,21.600000000000000000,250,2,5400.00,250,100.00,0.00,0.00
24-February-2020,22.00,22.80,22.00,22.00,22.153692614770459081,501,4,11099.00,501,100.00,0.80,0.00
14-February-2020,22.85,22.85,22.40,22.40,22.823529411764705882,51,2,1164.00,51,100.00,0.45,-0.45
13-February-2020,22.85,22.85,22.85,22.85,22.850000000000000000,100,2,2285.00,100,100.00,0.00,0.00
12-February-2020,23.30,23.30,22.40,23.30,23.115980148883374689,20150,27,465787.00,20150,100.00,0.90,0.00
11-February-2020,22.85,22.85,22.50,22.85,22.822641509433962264,4505,8,102816.00,4455,98.89,0.35,0.00
10-February-2020,22.45,22.45,22.00,22.45,22.434402968784108273,4581,23,102772.00,4578,99.93,0.45,0.00
7-February-2020,22.05,22.05,21.50,22.05,22.005346088913899831,7108,24,156414.00,7108,100.00,0.55,0.00
6-February-2020,21.65,21.65,21.65,21.65,21.650000000000000000,100,2,2165.00,100,100.00,0.00,0.00
5-February-2020,21.25,21.25,21.25,21.25,21.249867934495509772,5679,18,120678.00,5567,98.03,0.00,0.00
4-February-2020,20.85,20.85,20.85,20.85,20.848780487804878048,410,4,8548.00,410,100.00,0.00,0.00
3-February-2020,20.45,20.45,20.45,20.45,20.449931412894375857,729,9,14908.00,729,100.00,0.00,0.00
1-February-2020,20.05,20.05,20.05,20.05,20.047961630695443645,417,6,8360.00,417,100.00,0.00,0.00
31-January-2020,19.70,19.70,19.70,19.70,19.698815566835871404,591,6,11642.00,558,94.42,0.00,0.00
30-January-2020,19.35,19.35,19.35,19.35,19.350000000000000000,1500,8,29025.00,1500,100.00,0.00,0.00
29-January-2020,19.00,19.00,19.00,19.00,19.000000000000000000,214,5,4066.00,214,100.00,0.00,0.00
28-January-2020,18.65,18.65,18.65,18.65,18.634615384615384615,52,2,969.00,52,100.00,0.00,0.00
27-January-2020,18.30,18.30,18.20,18.30,18.294746215494211932,1123,11,20545.00,1123,100.00,0.10,0.00
24-January-2020,17.95,17.95,17.95,17.95,17.949939686369119420,1658,13,29761.00,1658,100.00,0.00,0.00
23-January-2020,17.60,17.60,17.00,17.60,17.235525024533856722,1019,5,17563.00,1019,100.00,0.60,0.00
22-January-2020,17.00,17.30,17.00,17.30,17.030934343434343434,1584,13,26977.00,1584,100.00,0.30,0.30
21-January-2020,17.25,17.25,17.00,17.00,17.093023255813953488,43,4,735.00,43,100.00,0.25,-0.25
20-January-2020,17.00,17.00,16.95,16.95,16.950069348127600554,721,3,12221.00,721,100.00,0.05,-0.05
17-January-2020,16.40,16.70,16.40,16.70,16.580645161290322580,217,3,3598.00,134,61.75,0.30,0.30
16-January-2020,16.40,16.40,15.80,16.40,16.091288229842446709,2158,11,34725.00,2158,100.00,0.60,0.00
15-January-2020,16.10,16.10,15.80,16.10,15.911471321695760598,802,10,12761.00,802,100.00,0.30,0.00
14-January-2020,15.80,15.80,15.80,15.80,15.800000000000000000,5700,11,90060.00,5700,100.00,0.00,0.00
13-January-2020,15.50,15.50,15.50,15.50,15.500000000000000000,100,1,1550.00,100,100.00,0.00,0.00
10-January-2020,14.90,15.20,14.90,15.20,14.933333333333333333,225,2,3360.00,225,100.00,0.30,0.30
8-January-2020,15.10,15.10,15.10,15.10,15.096330275229357798,218,4,3291.00,218,100.00,0.00,0.00
7-January-2020,15.40,16.00,15.40,15.40,15.401129943502824858,1062,8,16356.00,1062,100.00,0.60,0.00
6-January-2020,16.30,16.30,15.70,15.70,15.720939038243089738,2641,19,41519.00,2641,100.00,0.60,-0.60
3-January-2020,16.50,16.60,16.00,16.00,16.485424588086185044,2367,11,39021.00,2367,100.00,0.60,-0.50
2-January-2020,16.35,16.35,16.30,16.30,16.301247771836007130,561,7,9145.00,561,100.00,0.05,-0.05
1-January-2020,16.70,16.70,16.60,16.60,16.698862876254180602,7475,17,124824.00,7474,99.99,0.10,-0.10
31-December-2019,16.40,16.40,16.40,16.40,16.399784482758620689,1856,8,30438.00,1856,100.00,0.00,0.00
30-December-2019,16.10,16.10,16.10,16.10,16.100000000000000000,3400,6,54740.00,3400,100.00,0.00,0.00
27-December-2019,15.80,15.80,15.80,15.80,15.799519807923169267,833,2,13161.00,833,100.00,0.00,0.00
26-December-2019,15.50,15.50,15.50,15.50,15.500000000000000000,4000,4,62000.00,4000,100.00,0.00,0.00
24-December-2019,15.20,15.70,15.20,15.20,15.368067226890756302,1190,4,18288.00,1190,100.00,0.50,0.00
23-December-2019,15.40,15.40,15.40,15.40,15.400000000000000000,1100,6,16940.00,1100,100.00,0.00,0.00
20-December-2019,15.15,15.15,15.10,15.10,15.135000000000000000,1800,11,27243.00,1800,100.00,0.05,-0.05
19-December-2019,14.85,14.90,14.85,14.90,14.869465648854961832,1310,6,19479.00,1310,100.00,0.05,0.05
18-December-2019,14.15,14.65,14.15,14.65,14.482426778242677824,2390,7,34613.00,2390,100.00,0.50,0.50
17-December-2019,14.40,14.40,14.40,14.40,14.400000000000000000,100,1,1440.00,100,100.00,0.00,0.00
16-December-2019,14.05,14.15,14.05,14.15,14.087500000000000000,160,3,2254.00,160,100.00,0.10,0.10
13-December-2019,14.30,14.30,14.30,14.30,14.297979797979797979,198,2,2831.00,198,100.00,0.00,0.00
12-December-2019,14.45,14.50,14.45,14.50,14.466666666666666666,600,2,8680.00,600,100.00,0.05,0.05
11-December-2019,14.25,14.45,14.25,14.45,14.427777777777777777,900,7,12985.00,900,100.00,0.20,0.20
6-December-2019,14.75,14.75,14.25,14.25,14.594427244582043343,323,3,4714.00,323,100.00,0.50,-0.50
5-December-2019,14.50,14.50,14.50,14.50,14.500000000000000000,500,4,7250.00,500,100.00,0.00,0.00
4-December-2019,15.05,15.05,14.75,14.75,14.904290429042904290,606,10,9032.00,606,100.00,0.30,-0.30
3-December-2019,15.05,15.05,15.05,15.05,15.049946149703823371,14856,10,223582.00,14856,100.00,0.00,0.00
2-December-2019,15.35,15.35,15.35,15.35,15.349601593625498007,2008,4,30822.00,2008,100.00,0.00,0.00
29-November-2019,15.65,15.65,15.65,15.65,15.649926864943929790,2051,9,32098.00,2051,100.00,0.00,0.00
28-November-2019,15.95,15.95,15.95,15.95,15.950000000000000000,300,2,4785.00,300,100.00,0.00,0.00
27-November-2019,15.70,16.00,15.70,15.95,15.890290037831021437,793,21,12601.00,793,100.00,0.30,0.25
26-November-2019,15.95,15.95,15.70,15.70,15.780000000000000000,100,8,1578.00,100,100.00,0.25,-0.25
25-November-2019,16.10,16.25,15.70,15.70,15.824068018312622629,1529,26,24195.00,1529,100.00,0.55,-0.40
22-November-2019,16.30,16.40,16.00,16.00,16.130184331797235023,868,17,14001.00,868,100.00,0.40,-0.30
21-November-2019,15.75,16.30,15.70,16.30,15.722580645161290322,310,5,4874.00,310,100.00,0.60,0.55
20-November-2019,16.10,16.10,15.50,16.00,15.989002932551319648,1364,7,21809.00,1364,100.00,0.60,-0.10
19-November-2019,15.70,16.30,15.70,15.80,16.123846462484953858,7477,16,120558.00,7477,100.00,0.60,0.10
18-November-2019,15.70,16.00,15.40,16.00,15.496551724137931034,725,13,11235.00,725,100.00,0.60,0.30
15-November-2019,15.10,15.70,15.10,15.70,15.125000000000000000,1792,14,27104.00,1792,100.00,0.60,0.60
14-November-2019,15.40,15.40,15.40,15.40,15.400000000000000000,1650,10,25410.00,1650,100.00,0.00,0.00
13-November-2019,15.70,15.70,15.70,15.70,15.699788583509513742,2365,9,37130.00,2365,100.00,0.00,0.00
11-November-2019,16.00,16.60,16.00,16.00,16.374170577763392134,6179,22,101176.00,6179,100.00,0.60,0.00
8-November-2019,16.40,16.40,15.80,16.30,16.179589572933998890,9015,28,145859.00,9015,100.00,0.60,-0.10
7-November-2019,16.20,16.20,15.60,16.10,16.118018018018018018,1110,5,17891.00,1110,100.00,0.60,-0.10
6-November-2019,16.10,16.10,15.50,15.90,15.892722371967654986,1855,9,29481.00,1855,100.00,0.60,-0.20
5-November-2019,15.80,16.10,15.80,15.80,15.947888096544157981,3646,22,58146.00,3646,100.00,0.30,0.00
4-November-2019,15.55,15.85,15.30,15.80,15.546717171717171717,2376,16,36939.00,2376,100.00,0.55,0.25
1-November-2019,14.95,15.55,14.95,15.55,15.543439490445859872,3925,13,61008.00,3925,100.00,0.60,0.60
31-October-2019,14.70,15.25,14.67,15.25,14.692780337941628264,651,7,9565.00,651,100.00,0.58,0.55
30-October-2019,14.96,14.96,14.96,14.96,14.959688826025459688,1414,6,21153.00,1414,100.00,0.00,0.00
29-October-2019,14.67,14.67,14.67,14.67,14.669677419354838709,1550,13,22738.00,1550,100.00,0.00,0.00
27-October-2019,14.39,14.39,14.39,14.39,14.389830508474576271,531,2,7641.00,531,100.00,0.00,0.00
25-October-2019,14.15,14.15,13.88,14.11,14.116250000000000000,800,6,11293.00,800,100.00,0.27,-0.04
24-October-2019,13.60,13.88,13.60,13.88,13.823344748858447488,7008,11,96874.00,7008,100.00,0.28,0.28
23-October-2019,13.09,13.61,13.09,13.61,13.172310692232694182,15385,23,202656.00,15385,100.00,0.52,0.52
22-October-2019,13.35,13.89,13.35,13.35,13.554615384615384615,2600,11,35242.00,2600,100.00,0.54,0.00
18-October-2019,13.62,14.06,13.62,13.62,13.620258813029897367,4482,19,61046.00,4482,100.00,0.44,0.00
17-October-2019,13.73,14.20,13.73,13.89,13.740080971659919028,3705,25,50907.00,3705,100.00,0.47,0.16
16-October-2019,14.01,14.01,14.01,14.01,14.000000000000000000,10,1,140.00,10,100.00,0.00,0.00
15-October-2019,14.29,14.29,14.29,14.29,14.272727272727272727,11,2,157.00,11,100.00,0.00,0.00
14-October-2019,14.58,14.58,14.58,14.58,14.500000000000000000,10,1,145.00,10,100.00,0.00,0.00
10-October-2019,14.87,14.87,14.87,14.87,14.666666666666666666,3,1,44.00,3,100.00,0.00,0.00
4-October-2019,14.59,15.17,14.59,15.17,14.602421796165489404,7928,36,115768.00,7928,100.00,0.58,0.58
1-October-2019,14.66,15.24,14.66,14.88,14.689862542955326460,2328,20,34198.00,2328,100.00,0.58,0.22
30-September-2019,15.25,15.25,14.95,14.95,15.161016949152542372,354,5,5367.00,354,100.00,0.30,-0.30
27-September-2019,15.50,15.50,15.25,15.25,15.416666666666666666,7500,28,115625.00,7500,100.00,0.25,-0.25
26-September-2019,15.85,16.00,15.54,15.56,15.739277784270188150,8557,45,134681.00,8557,100.00,0.46,-0.29
25-September-2019,15.85,16.40,15.85,15.85,15.957229545930110901,23895,39,381298.00,23895,100.00,0.55,0.00
24-September-2019,16.83,16.83,16.17,16.17,16.575867052023121387,9688,46,160587.00,9688,100.00,0.66,-0.66
23-September-2019,16.50,16.50,16.50,16.50,16.500000000000000000,2188,9,36102.00,2188,100.00,0.00,0.00
20-September-2019,16.18,16.18,16.18,16.18,16.179941301487703673,9881,26,159874.00,9881,100.00,0.00,0.00
19-September-2019,15.56,15.87,15.25,15.87,15.814124293785310734,12390,26,195937.00,12390,100.00,0.62,0.31
18-September-2019,15.56,15.56,15.56,15.56,15.559986033519553072,14320,20,222819.00,14320,100.00,0.00,0.00
17-September-2019,15.26,15.26,15.00,15.26,15.253707865168539325,4450,17,67879.00,4450,100.00,0.26,0.00
16-September-2019,14.75,14.97,14.39,14.97,14.917092808181917092,18382,27,274206.00,18382,100.00,0.58,0.22
13-September-2019,14.67,14.68,14.17,14.68,14.610917132216014897,8592,20,125537.00,8592,100.00,0.51,0.01
12-September-2019,14.40,14.40,14.40,14.40,14.400000000000000000,1200,3,17280.00,1200,100.00,0.00,0.00
11-September-2019,14.15,14.15,14.15,14.15,14.144000000000000000,125,3,1768.00,125,100.00,0.00,0.00
9-September-2019,14.66,14.66,14.10,14.11,14.395299145299145299,2340,9,33685.00,2340,100.00,0.56,-0.55
6-September-2019,13.85,14.38,13.85,14.38,14.330433618843683083,7472,11,107077.00,7472,100.00,0.53,0.53
5-September-2019,14.10,14.10,14.10,14.10,14.099673202614379084,612,3,8629.00,612,100.00,0.00,0.00
4-September-2019,13.56,13.83,13.56,13.83,13.738938053097345132,452,3,6210.00,452,100.00,0.27,0.27
3-September-2019,13.57,13.60,13.55,13.56,13.572719374456993918,5755,10,78111.00,5755,100.00,0.05,-0.01
30-August-2019,13.65,13.71,13.65,13.67,13.685977859778597785,2710,11,37089.00,2710,100.00,0.06,0.02
29-August-2019,13.71,14.25,13.71,13.76,13.864593259984406133,11543,24,160039.00,11543,100.00,0.54,0.05
28-August-2019,13.98,14.49,13.98,13.98,13.984629432354283975,6571,34,91893.00,6571,100.00,0.51,0.00
27-August-2019,14.26,14.75,14.26,14.26,14.260098349139445029,5694,20,81197.00,5694,100.00,0.49,0.00
26-August-2019,14.55,14.83,14.55,14.55,14.561213812347401464,17202,32,250482.00,17202,100.00,0.28,0.00
23-August-2019,15.30,15.30,14.70,14.84,14.823889739663093415,653,10,9680.00,653,100.00,0.60,-0.46
22-August-2019,15.52,15.52,14.92,15.00,14.979464285714285714,2240,16,33554.00,2240,100.00,0.60,-0.52
21-August-2019,15.26,15.26,14.98,15.22,15.199369306236860546,2854,20,43379.00,2854,100.00,0.28,-0.04
20-August-2019,14.98,14.98,14.40,14.98,14.969061673112151434,4913,35,73543.00,4913,100.00,0.58,0.00
19-August-2019,14.69,14.69,14.69,14.69,14.689987639060568603,4045,14,59421.00,4045,100.00,0.00,0.00
16-August-2019,13.85,14.41,13.85,14.41,14.346027577150361129,9138,33,131094.00,9138,100.00,0.56,0.56
14-August-2019,14.40,14.40,13.84,14.13,13.963818239863786314,9397,45,131218.00,9397,100.00,0.56,-0.27
13-August-2019,14.12,14.12,14.12,14.12,14.119953996549741230,17390,25,245546.00,17390,100.00,0.00,0.00
9-August-2019,13.85,13.85,13.85,13.85,13.849655902593965060,1889,6,26162.00,1889,100.00,0.00,0.00
8-August-2019,13.58,13.58,13.58,13.58,13.579911894273127753,5675,14,77066.00,5675,100.00,0.00,0.00
7-August-2019,13.32,13.32,13.32,13.32,13.319863680623174294,2054,2,27359.00,2054,100.00,0.00,0.00
6-August-2019,13.06,13.06,12.61,13.06,13.042519653417134366,99601,122,1299048.00,99601,100.00,0.45,0.00
5-August-2019,12.81,12.81,12.81,12.81,12.809949930755299882,18774,16,240494.00,18774,100.00,0.00,0.00
2-August-2019,12.56,12.56,12.56,12.56,12.560000000000000000,2925,9,36738.00,2925,100.00,0.00,0.00
1-August-2019,12.32,12.32,12.32,12.32,12.320000000000000000,700,3,8624.00,700,100.00,0.00,0.00
31-July-2019,12.08,12.08,12.08,12.08,12.080000000000000000,2275,9,27482.00,2275,100.00,0.00,0.00
30-July-2019,11.85,11.85,11.85,11.85,11.848888888888888888,225,3,2666.00,225,100.00,0.00,0.00
29-July-2019,11.62,11.62,11.62,11.62,11.619900497512437810,1005,4,11678.00,1005,100.00,0.00,0.00
26-July-2019,11.40,11.40,11.40,11.40,11.400000000000000000,2550,5,29070.00,2550,100.00,0.00,0.00
25-July-2019,11.18,11.18,11.18,11.18,11.180000000000000000,50,1,559.00,50,100.00,0.00,0.00
24-July-2019,10.97,10.97,10.97,10.97,10.969230769230769230,325,2,3565.00,325,100.00,0.00,0.00
23-July-2019,10.76,10.76,10.76,10.76,10.760000000000000000,1100,2,11836.00,1100,100.00,0.00,0.00
22-July-2019,10.55,10.55,10.55,10.55,10.549899193548387096,1984,6,20931.00,1984,100.00,0.00,0.00
19-July-2019,10.35,10.35,10.35,10.35,10.348571428571428571,525,2,5433.00,525,100.00,0.00,0.00
18-July-2019,10.15,10.15,10.15,10.15,10.150000000000000000,200,3,2030.00,200,100.00,0.00,0.00
17-July-2019,9.96,9.96,9.96,9.96,9.959955995599559955,9090,6,90536.00,9090,100.00,0.00,0.00
16-July-2019,9.77,9.77,9.77,9.77,9.769942196531791907,4325,3,42255.00,4325,100.00,0.00,0.00
15-July-2019,9.58,9.58,9.58,9.58,9.579946740766469839,8637,5,82742.00,8637,100.00,0.00,0.00
12-July-2019,9.40,9.40,9.40,9.40,9.399824253075571177,1138,2,10697.00,1138,100.00,0.00,0.00
11-July-2019,9.22,9.22,9.22,9.22,9.219339622641509433,848,3,7818.00,848,100.00,0.00,0.00
10-July-2019,9.04,9.04,9.04,9.04,9.022222222222222222,45,1,406.00,45,100.00,0.00,0.00
9-July-2019,8.87,8.87,8.87,8.87,8.869230769230769230,260,1,2306.00,260,100.00,0.00,0.00
8-July-2019,8.70,8.70,8.70,8.70,8.699953336444237050,6429,8,55932.00,6429,100.00,0.00,0.00
5-July-2019,8.53,8.53,8.53,8.53,8.400000000000000000,5,1,42.00,5,100.00,0.00,0.00
4-July-2019,8.37,8.37,8.37,8.37,8.369230769230769230,130,2,1088.00,130,100.00,0.00,0.00
3-July-2019,8.21,8.21,8.21,8.21,8.190476190476190476,42,1,344.00,42,100.00,0.00,0.00
2-July-2019,8.05,8.05,8.05,8.05,8.047619047619047619,105,2,845.00,105,100.00,0.00,0.00
1-July-2019,7.90,7.90,7.90,7.90,7.897810218978102189,137,2,1082.00,137,100.00,0.00,0.00
28-June-2019,7.75,7.75,7.75,7.75,7.749819233550253073,1383,6,10718.00,1383,100.00,0.00,0.00
27-June-2019,7.60,7.60,7.60,7.60,7.600000000000000000,1035,3,7866.00,1035,100.00,0.00,0.00
26-June-2019,7.46,7.46,7.46,7.46,7.400000000000000000,5,1,37.00,5,100.00,0.00,0.00
25-June-2019,7.32,7.32,7.32,7.32,7.300000000000000000,20,1,146.00,20,100.00,0.00,0.00
24-June-2019,7.18,7.18,7.18,7.18,7.161290322580645161,31,3,222.00,31,100.00,0.00,0.00
21-June-2019,7.04,7.04,7.04,7.04,7.039800995024875621,1005,2,7075.00,1005,100.00,0.00,0.00
20-June-2019,6.91,6.91,6.91,6.91,6.800000000000000000,5,1,34.00,5,100.00,0.00,0.00
19-June-2019,6.78,6.78,6.78,6.78,6.600000000000000000,5,1,33.00,5,100.00,0.00,0.00
18-June-2019,6.65,6.65,6.65,6.65,6.647058823529411764,136,1,904.00,136,100.00,0.00,0.00
17-June-2019,6.52,6.52,6.52,6.52,6.518181818181818181,330,3,2151.00,330,100.00,0.00,0.00
14-June-2019,6.40,6.40,6.40,6.40,6.400000000000000000,5,1,32.00,5,100.00,0.00,0.00
13-June-2019,6.28,6.28,6.28,6.28,6.279909706546275395,443,2,2782.00,443,100.00,0.00,0.00
12-June-2019,6.16,6.16,6.16,6.16,6.160000000000000000,925,4,5698.00,925,100.00,0.00,0.00
10-June-2019,6.04,6.04,6.04,6.04,6.000000000000000000,5,1,30.00,5,100.00,0.00,0.00
7-June-2019,5.93,5.93,5.93,5.93,5.928395061728395061,405,2,2401.00,405,100.00,0.00,0.00
6-June-2019,5.65,5.65,5.65,5.65,5.600000000000000000,5,1,28.00,5,100.00,0.00,0.00
4-June-2019,5.39,5.39,5.39,5.39,5.387654320987654320,405,2,2182.00,405,100.00,0.00,0.00
3-June-2019,5.14,5.14,5.14,5.14,5.000000000000000000,5,1,25.00,5,100.00,0.00,0.00
31-May-2019,4.90,4.90,4.90,4.90,4.899234693877551020,784,3,3841.00,784,100.00,0.00,0.00
30-May-2019,4.67,4.67,4.67,4.67,4.666666666666666666,255,2,1190.00,255,100.00,0.00,0.00
29-May-2019,4.45,4.45,4.45,4.45,4.447619047619047619,105,2,467.00,105,100.00,0.00,0.00
28-May-2019,4.24,4.24,4.24,4.24,4.200000000000000000,5,1,21.00,5,100.00,0.00,0.00
24-May-2019,4.04,4.04,4.04,4.04,4.039682539682539682,1260,2,5090.00,1260,100.00,0.00,0.00
23-May-2019,3.85,3.85,3.85,3.85,3.850000000000000000,100,1,385.00,100,100.00,0.00,0.00
22-May-2019,3.67,3.67,3.67,3.67,3.670000000000000000,400,1,1468.00,400,100.00,0.00,0.00
21-May-2019,3.50,3.50,3.50,3.50,3.500000000000000000,200,2,700.00,200,100.00,0.00,0.00
20-May-2019,3.34,3.34,3.34,3.34,3.200000000000000000,5,1,16.00,5,100.00,0.00,0.00
14-May-2019,3.19,3.19,3.19,3.19,3.190000000000000000,5100,2,16269.00,5100,100.00,0.00,0.00
13-May-2019,3.04,3.04,3.04,3.04,3.040000000000000000,900,1,2736.00,900,100.00,0.00,0.00
9-May-2019,2.90,2.90,2.90,2.90,2.900000000000000000,100,1,290.00,100,100.00,0.00,0.00
7-May-2019,3.04,3.04,3.04,3.04,3.040000000000000000,200,1,608.00,200,100.00,0.00,0.00
26-April-2019,3.20,3.20,3.19,3.19,3.191000000000000000,10000,3,31910.00,10000,100.00,0.01,-0.01
25-April-2019,3.20,3.25,3.19,3.19,3.228461538461538461,1300,5,4197.00,1300,100.00,0.06,-0.01
11-April-2019,3.36,3.36,3.35,3.35,3.359047619047619047,1050,3,3527.00,1050,100.00,0.01,-0.01
1-April-2019,3.20,3.20,3.20,3.20,3.200000000000000000,100,1,320.00,100,100.00,0.00,0.00
29-March-2019,3.20,3.20,3.20,3.20,3.200000000000000000,100,2,320.00,100,100.00,0.00,0.00
28-March-2019,3.20,3.20,3.20,3.20,3.200000000000000000,100,1,320.00,100,100.00,0.00,0.00
26-March-2019,3.20,3.20,3.20,3.20,3.200000000000000000,350,2,1120.00,350,100.00,0.00,0.00
20-March-2019,3.05,3.05,3.05,3.05,3.039215686274509803,51,1,155.00,51,100.00,0.00,0.00
19-March-2019,3.05,3.05,3.05,3.05,3.049315068493150684,365,2,1113.00,365,100.00,0.00,0.00
18-March-2019,3.05,3.05,3.05,3.05,3.050000000000000000,100,1,305.00,100,100.00,0.00,0.00
13-March-2019,3.00,3.00,3.00,3.00,3.000000000000000000,331,2,993.00,331,100.00,0.00,0.00
7-March-2019,3.00,3.00,3.00,3.00,3.000000000000000000,8,1,24.00,8,100.00,0.00,0.00
6-March-2019,2.85,3.00,2.85,3.00,2.852652259332023575,509,2,1452.00,509,100.00,0.15,0.15
5-March-2019,3.00,3.00,3.00,3.00,3.000000000000000000,15,2,45.00,15,100.00,0.00,0.00
11-February-2019,3.00,3.00,3.00,3.00,3.000000000000000000,10,1,30.00,10,100.00,0.00,0.00
8-February-2019,3.00,3.15,3.00,3.15,3.144230769230769230,312,2,981.00,312,100.00,0.15,0.15
7-February-2019,3.14,3.14,3.14,3.14,3.140000000000000000,200,1,628.00,200,100.00,0.00,0.00
5-February-2019,3.46,3.46,3.30,3.30,3.332352941176470588,340,2,1133.00,340,100.00,0.16,-0.16
4-February-2019,3.30,3.30,3.30,3.30,3.300000000000000000,1000,1,3300.00,1000,100.00,0.00,0.00
23-January-2019,3.30,3.30,3.30,3.30,3.300000000000000000,200,1,660.00,200,100.00,0.00,0.00
21-January-2019,3.30,3.30,3.30,3.30,3.272727272727272727,33,1,108.00,33,100.00,0.00,0.00
8-January-2019,3.15,3.15,3.15,3.15,3.150000000000000000,800,1,2520.00,800,100.00,0.00,0.00
4-January-2019,3.15,3.15,3.15,3.15,3.150000000000000000,300,1,945.00,300,100.00,0.00,0.00
3-January-2019,3.00,3.00,3.00,3.00,3.000000000000000000,9,1,27.00,9,100.00,0.00,0.00
2-January-2019,3.00,3.00,3.00,3.00,3.000000000000000000,9,1,27.00,9,100.00,0.00,0.00
6-December-2018,3.00,3.00,3.00,3.00,3.000000000000000000,9,1,27.00,9,100.00,0.00,0.00
5-December-2018,2.94,2.94,2.94,2.94,2.940000000000000000,100,1,294.00,100,100.00,0.00,0.00
30-November-2018,2.80,2.80,2.80,2.80,2.800000000000000000,1000,1,2800.00,1000,100.00,0.00,0.00
28-November-2018,2.90,2.90,2.90,2.90,2.900000000000000000,100,1,290.00,100,100.00,0.00,0.00
26-November-2018,3.05,3.05,3.05,3.05,3.050000000000000000,100,1,305.00,100,100.00,0.00,0.00
12-November-2018,3.21,3.21,3.21,3.21,3.205882352941176470,170,1,545.00,170,100.00,0.00,0.00
1-November-2018,3.49,3.49,3.35,3.35,3.350194552529182879,257,5,861.00,257,100.00,0.14,-0.14
31-October-2018,3.50,3.50,3.50,3.50,3.500000000000000000,50,1,175.00,50,100.00,0.00,0.00
29-October-2018,3.50,3.50,3.50,3.50,3.500000000000000000,100,1,350.00,100,100.00,0.00,0.00
26-October-2018,3.50,3.50,3.50,3.50,3.500000000000000000,50,1,175.00,50,100.00,0.00,0.00
9-October-2018,3.67,3.67,3.67,3.67,3.670000000000000000,1000,1,3670.00,1000,100.00,0.00,0.00
3-October-2018,3.50,3.50,3.50,3.50,3.500000000000000000,100,1,350.00,100,100.00,0.00,0.00
1-October-2018,3.50,3.50,3.50,3.50,3.500000000000000000,100,1,350.00,100,100.00,0.00,0.00
6-September-2018,3.68,3.68,3.68,3.68,3.680000000000000000,500,1,1840.00,500,100.00,0.00,0.00
5-September-2018,3.66,3.66,3.66,3.66,3.660000000000000000,500,1,1830.00,500,100.00,0.00,0.00
29-August-2018,3.63,3.63,3.63,3.63,3.630000000000000000,400,1,1452.00,400,100.00,0.00,0.00
24-August-2018,3.50,3.63,3.50,3.63,3.565000000000000000,200,2,713.00,200,100.00,0.13,0.13
17-August-2018,3.63,3.63,3.63,3.63,3.630000000000000000,100,1,363.00,100,100.00,0.00,0.00
9-August-2018,3.60,3.60,3.60,3.60,3.600000000000000000,300,1,1080.00,300,100.00,0.00,0.00
8-August-2018,3.67,3.67,3.67,3.67,3.670000000000000000,100,1,367.00,100,100.00,0.00,0.00
6-August-2018,3.60,3.61,3.60,3.61,3.605833333333333333,1200,3,4327.00,1200,100.00,0.01,0.01
1-August-2018,3.60,3.60,3.60,3.60,3.600000000000000000,1000,1,3600.00,1000,100.00,0.00,0.00
31-July-2018,3.60,3.60,3.60,3.60,3.600000000000000000,100,1,360.00,100,100.00,0.00,0.00
30-July-2018,3.60,3.60,3.60,3.60,3.600000000000000000,1000,3,3600.00,1000,100.00,0.00,0.00
27-July-2018,3.60,3.60,3.60,3.60,3.600000000000000000,1000,1,3600.00,1000,100.00,0.00,0.00
26-July-2018,3.60,3.60,3.60,3.60,3.600000000000000000,200,2,720.00,200,100.00,0.00,0.00
18-July-2018,3.60,3.60,3.60,3.60,3.600000000000000000,100,1,360.00,100,100.00,0.00,0.00
5-July-2018,3.70,3.70,3.70,3.70,3.700000000000000000,200,1,740.00,200,100.00,0.00,0.00
4-July-2018,3.80,3.80,3.80,3.80,3.800000000000000000,400,2,1520.00,400,100.00,0.00,0.00
3-July-2018,3.80,4.10,3.80,4.00,4.000000000000000000,300,2,1200.00,300,100.00,0.30,0.20
28-June-2018,4.15,4.15,3.95,3.95,3.983333333333333333,600,3,2390.00,600,100.00,0.20,-0.20
20-June-2018,4.15,4.15,4.15,4.15,4.150000000000000000,2500,1,10375.00,2500,100.00,0.00,0.00
12-June-2018,4.05,4.05,4.05,4.05,4.000000000000000000,15,1,60.00,15,100.00,0.00,0.00
11-June-2018,3.80,3.86,3.80,3.86,3.830000000000000000,200,2,766.00,200,100.00,0.06,0.06
7-June-2018,4.05,4.05,4.00,4.00,4.024000000000000000,500,2,2012.00,500,100.00,0.05,-0.05
4-June-2018,4.10,4.10,4.10,4.10,4.099512195121951219,1025,3,4202.00,1025,100.00,0.00,0.00
1-June-2018,4.30,4.30,4.30,4.30,4.299488677867056245,1369,2,5886.00,1369,100.00,0.00,0.00
30-May-2018,4.50,4.50,4.50,4.50,4.500000000000000000,1000,1,4500.00,1000,100.00,0.00,0.00
29-May-2018,4.72,4.72,4.72,4.72,4.716666666666666666,120,1,566.00,120,100.00,0.00,0.00
22-May-2018,4.72,4.72,4.72,4.72,4.720000000000000000,800,3,3776.00,800,100.00,0.00,0.00
17-May-2018,4.50,4.50,4.50,4.50,4.500000000000000000,200,1,900.00,200,100.00,0.00,0.00
15-May-2018,4.50,4.50,4.50,4.50,4.500000000000000000,300,1,1350.00,300,100.00,0.00,0.00
8-May-2018,4.50,4.50,4.50,4.50,4.500000000000000000,300,1,1350.00,300,100.00,0.00,0.00
7-May-2018,4.50,4.50,4.50,4.50,4.500000000000000000,500,1,2250.00,500,100.00,0.00,0.00
4-May-2018,4.50,4.50,4.50,4.50,4.500000000000000000,100,1,450.00,100,100.00,0.00,0.00
26-April-2018,4.38,4.38,4.38,4.38,4.377777777777777777,180,1,788.00,180,100.00,0.00,0.00
20-April-2018,4.55,4.55,4.55,4.55,4.550000000000000000,800,1,3640.00,800,100.00,0.00,0.00
16-April-2018,4.50,4.50,4.50,4.50,4.500000000000000000,100,1,450.00,100,100.00,0.00,0.00
12-April-2018,4.50,4.50,4.50,4.50,4.466666666666666666,15,1,67.00,15,100.00,0.00,0.00
11-April-2018,4.50,4.50,4.50,4.50,4.500000000000000000,600,1,2700.00,600,100.00,0.00,0.00
9-April-2018,4.47,4.47,4.47,4.47,4.470000000000000000,200,1,894.00,200,100.00,0.00,0.00
6-April-2018,4.47,4.47,4.47,4.47,4.470000000000000000,100,1,447.00,100,100.00,0.00,0.00
21-March-2018,4.47,4.47,4.47,4.47,4.470000000000000000,300,2,1341.00,300,100.00,0.00,0.00
19-March-2018,4.70,4.70,4.70,4.70,4.700000000000000000,1400,4,6580.00,1400,100.00,0.00,0.00
13-March-2018,5.05,5.05,4.90,4.90,4.931914893617021276,1410,2,6954.00,1410,100.00,0.15,-0.15
7-March-2018,5.14,5.14,5.14,5.14,5.138817480719794344,389,1,1999.00,389,100.00,0.00,0.00
1-March-2018,5.15,5.41,5.15,5.41,5.255555555555555555,270,2,1419.00,270,100.00,0.26,0.26
27-February-2018,5.21,5.21,5.21,5.21,5.210000000000000000,700,7,3647.00,700,100.00,0.00,0.00
26-February-2018,4.97,4.97,4.97,4.97,4.970000000000000000,100,1,497.00,100,100.00,0.00,0.00
23-February-2018,5.50,5.50,5.23,5.23,5.445000000000000000,200,3,1089.00,200,100.00,0.27,-0.27
19-February-2018,5.50,5.50,5.50,5.50,5.500000000000000000,500,1,2750.00,500,100.00,0.00,0.00
16-February-2018,6.00,6.01,5.50,5.50,5.909161793372319688,2565,6,15157.00,2565,100.00,0.51,-0.50
15-February-2018,6.31,6.31,5.71,5.75,5.975801382778126964,3182,14,19015.00,3182,100.00,0.60,-0.56
14-February-2018,6.01,6.01,6.01,6.01,6.010000000000000000,1300,3,7813.00,1300,100.00,0.00,0.00
12-February-2018,5.73,5.73,5.73,5.73,5.729064039408866995,1015,6,5815.00,1015,100.00,0.00,0.00
9-February-2018,5.46,5.46,5.46,5.46,5.459649122807017543,570,2,3112.00,570,100.00,0.00,0.00
8-February-2018,5.49,5.49,5.20,5.20,5.311538461538461538,1300,3,6905.00,1300,100.00,0.29,-0.29
6-February-2018,5.23,5.23,5.23,5.23,5.230000000000000000,1000,2,5230.00,1000,100.00,0.00,0.00
5-February-2018,5.50,5.50,5.50,5.50,5.500000000000000000,1000,1,5500.00,1000,100.00,0.00,0.00
2-February-2018,5.50,5.50,5.50,5.50,5.500000000000000000,2090,4,11495.00,2090,100.00,0.00,0.00
1-February-2018,5.50,5.50,5.50,5.50,5.500000000000000000,200,1,1100.00,200,100.00,0.00,0.00
31-January-2018,5.84,5.84,5.40,5.45,5.753932584269662921,890,4,5121.00,890,100.00,0.44,-0.39
30-January-2018,5.80,5.80,5.56,5.57,5.592500000000000000,800,3,4474.00,800,100.00,0.24,-0.23
29-January-2018,5.85,5.85,5.85,5.85,5.850000000000000000,500,1,2925.00,500,100.00,0.00,0.00
25-January-2018,6.15,6.15,6.15,6.15,6.150000000000000000,600,3,3690.00,600,100.00,0.00,0.00
24-January-2018,6.41,7.00,6.41,6.46,6.566274509803921568,2550,8,16744.00,2550,100.00,0.59,0.05
23-January-2018,6.66,6.75,6.66,6.73,6.702000000000000000,500,4,3351.00,500,100.00,0.09,0.07
22-January-2018,7.01,7.01,7.01,7.01,7.009866666666666666,3750,7,26287.00,3750,100.00,0.00,0.00
19-January-2018,6.68,6.68,6.68,6.68,6.679967819790828640,12430,22,83032.00,12430,100.00,0.00,0.00
18-January-2018,6.20,6.37,6.20,6.37,6.360000000000000000,3450,7,21942.00,3450,100.00,0.17,0.17
17-January-2018,6.48,6.48,5.90,6.07,6.335000000000000000,2000,8,12670.00,2000,100.00,0.58,-0.41
16-January-2018,6.35,6.35,5.75,6.18,6.305810055865921787,8950,26,56437.00,8950,100.00,0.60,-0.17
15-January-2018,6.05,6.05,5.80,6.05,5.983558737735348713,3771,13,22564.00,3771,100.00,0.25,0.00
12-January-2018,5.77,5.77,5.77,5.77,5.764705882352941176,119,3,686.00,119,100.00,0.00,0.00
9-January-2018,5.60,5.60,5.50,5.50,5.545454545454545454,55,3,305.00,55,100.00,0.10,-0.10
8-January-2018,5.50,5.50,5.50,5.50,5.000000000000000000,1,1,5.00,1,100.00,0.00,0.00
5-January-2018,5.77,5.77,5.77,5.77,5.769901220220801859,3442,4,19860.00,3442,100.00,0.00,0.00
4-January-2018,5.50,5.50,5.50,5.50,5.500000000000000000,200,1,1100.00,200,100.00,0.00,0.00
2-January-2018,5.73,5.73,5.73,5.73,5.730000000000000000,100,1,573.00,100,100.00,0.00,0.00
1-January-2018,5.46,5.46,5.46,5.46,5.400000000000000000,15,1,81.00,15,100.00,0.00,0.00
29-December-2017,4.94,5.46,4.94,5.46,5.241052631578947368,1900,4,9958.00,1900,100.00,0.52,0.52
28-December-2017,5.20,5.20,5.20,5.20,5.200000000000000000,2470,3,12844.00,2470,100.00,0.00,0.00
20-December-2017,5.20,5.46,5.20,5.46,5.280689655172413793,1450,2,7657.00,1450,100.00,0.26,0.26
18-December-2017,5.46,5.46,5.46,5.46,5.460000000000000000,700,3,3822.00,700,100.00,0.00,0.00
8-December-2017,5.21,5.21,5.20,5.20,5.200000000000000000,100,2,520.00,100,100.00,0.01,-0.01
7-December-2017,5.00,5.25,5.00,5.25,5.235849056603773584,106,2,555.00,106,100.00,0.25,0.25
6-December-2017,5.00,5.00,5.00,5.00,5.000000000000000000,6,1,30.00,6,100.00,0.00,0.00
5-December-2017,5.11,5.11,5.11,5.11,5.110000000000000000,100,1,511.00,100,100.00,0.00,0.00
4-December-2017,4.88,5.38,4.88,5.37,5.046357615894039735,906,4,4572.00,906,100.00,0.50,0.49
29-November-2017,5.13,5.13,5.13,5.13,5.130000000000000000,100,1,513.00,100,100.00,0.00,0.00
24-November-2017,5.40,5.40,5.40,5.40,5.400000000000000000,100,1,540.00,100,100.00,0.00,0.00
22-November-2017,5.65,5.65,5.65,5.65,5.650000000000000000,600,2,3390.00,600,100.00,0.00,0.00
17-November-2017,5.88,5.88,5.88,5.88,5.880000000000000000,700,1,4116.00,700,100.00,0.00,0.00
10-November-2017,5.88,5.88,5.88,5.88,5.880000000000000000,200,1,1176.00,200,100.00,0.00,0.00
9-November-2017,5.60,5.60,5.60,5.60,5.500000000000000000,6,2,33.00,6,100.00,0.00,0.00
7-November-2017,5.37,5.37,5.37,5.37,5.370000000000000000,600,3,3222.00,600,100.00,0.00,0.00
6-November-2017,6.00,6.23,5.65,5.65,5.725581395348837209,645,7,3693.00,645,100.00,0.58,-0.35
3-November-2017,5.94,5.94,5.94,5.94,5.938461538461538461,65,1,386.00,65,100.00,0.00,0.00
2-November-2017,6.00,6.25,5.94,5.94,6.069503546099290780,705,5,4279.00,705,100.00,0.31,-0.06
1-November-2017,6.83,6.83,6.19,6.25,6.533837934105075690,2246,10,14675.00,2246,100.00,0.64,-0.58
31-October-2017,6.51,6.51,6.51,6.51,6.510000000000000000,500,2,3255.00,500,100.00,0.00,0.00
27-October-2017,6.85,7.55,6.85,6.85,6.977993625739869479,6589,21,45978.00,6589,100.00,0.70,0.00
26-October-2017,7.20,7.30,6.85,7.20,7.176334432208739566,14257,39,102313.00,14257,100.00,0.45,0.00
25-October-2017,7.63,7.63,7.20,7.20,7.209836065573770491,1220,6,8796.00,1220,100.00,0.43,-0.43
24-October-2017,6.93,7.27,6.93,7.27,7.097500000000000000,400,4,2839.00,400,100.00,0.34,0.34
23-October-2017,6.93,6.93,6.27,6.93,6.613466334164588528,401,12,2652.00,401,100.00,0.66,0.00
18-October-2017,6.85,6.85,6.60,6.60,6.671428571428571428,700,2,4670.00,700,100.00,0.25,-0.25
17-October-2017,6.85,6.85,6.85,6.85,6.000000000000000000,1,1,6.00,1,100.00,0.00,0.00
13-October-2017,6.55,6.55,6.55,6.55,6.540000000000000000,50,1,327.00,50,100.00,0.00,0.00
9-October-2017,6.24,6.24,6.24,6.24,6.200000000000000000,20,1,124.00,20,100.00,0.00,0.00
4-October-2017,6.00,6.55,5.95,5.95,6.227272727272727272,440,4,2740.00,440,100.00,0.60,-0.05
3-October-2017,6.26,6.26,6.26,6.26,6.260000000000000000,100,1,626.00,100,100.00,0.00,0.00
29-September-2017,5.97,5.97,5.97,5.97,5.950000000000000000,20,1,119.00,20,100.00,0.00,0.00
28-September-2017,5.69,5.69,5.69,5.69,5.690000000000000000,100,1,569.00,100,100.00,0.00,0.00
18-September-2017,5.42,5.42,5.42,5.42,5.420000000000000000,100,2,542.00,100,100.00,0.00,0.00
12-September-2017,5.70,5.70,5.70,5.70,5.700000000000000000,50,1,285.00,50,100.00,0.00,0.00
8-September-2017,5.99,6.00,5.99,6.00,5.992000000000000000,250,5,1498.00,250,100.00,0.01,0.01
7-September-2017,6.00,6.42,6.00,6.00,6.230769230769230769,260,5,1620.00,260,100.00,0.42,0.00
6-September-2017,6.13,6.13,6.13,6.13,6.100000000000000000,20,1,122.00,20,100.00,0.00,0.00
5-September-2017,6.13,6.13,6.13,6.13,6.130000000000000000,200,1,1226.00,200,100.00,0.00,0.00
4-September-2017,6.00,6.13,6.00,6.13,6.124513618677042801,257,3,1574.00,257,100.00,0.13,0.13
31-August-2017,6.14,6.14,6.14,6.14,6.140000000000000000,100,1,614.00,,,0.00,0.00
28-August-2017,5.85,5.85,5.85,5.85,5.850000000000000000,100,1,585.00,100,100.00,0.00,0.00
23-August-2017,5.58,5.58,5.58,5.58,5.580000000000000000,100,1,558.00,100,100.00,0.00,0.00
21-August-2017,5.32,5.32,5.32,5.32,5.320000000000000000,150,1,798.00,150,100.00,0.00,0.00
8-August-2017,5.07,5.07,5.07,5.07,5.070000000000000000,100,1,507.00,100,100.00,0.00,0.00
4-August-2017,4.83,4.83,4.83,4.83,4.830000000000000000,100,1,483.00,100,100.00,0.00,0.00
2-August-2017,4.60,4.60,4.60,4.60,4.600000000000000000,500,2,2300.00,500,100.00,0.00,0.00
26-July-2017,4.37,4.58,4.37,4.41,4.412000000000000000,250,2,1103.00,250,100.00,0.21,0.04
25-July-2017,4.37,4.37,4.37,4.37,4.200000000000000000,5,1,21.00,5,100.00,0.00,0.00
19-July-2017,4.60,4.60,4.37,4.37,4.427500000000000000,400,3,1771.00,400,100.00,0.23,-0.23
6-July-2017,4.59,4.59,4.59,4.59,4.580000000000000000,50,1,229.00,50,100.00,0.00,0.00
5-July-2017,4.38,4.38,4.38,4.38,4.380000000000000000,200,3,876.00,200,100.00,0.00,0.00
21-June-2017,5.09,5.09,4.61,4.61,4.850000000000000000,100,2,485.00,100,100.00,0.48,-0.48
20-June-2017,4.85,4.85,4.85,4.85,4.850000000000000000,100,1,485.00,100,100.00,0.00,0.00
19-June-2017,5.30,5.30,5.10,5.10,5.222727272727272727,1100,4,5745.00,1100,100.00,0.20,-0.20
16-June-2017,5.36,5.36,5.36,5.36,5.360000000000000000,100,1,536.00,100,100.00,0.00,0.00
9-June-2017,5.36,5.36,5.36,5.36,5.357894736842105263,285,2,1527.00,285,100.00,0.00,0.00
8-June-2017,5.64,5.64,5.64,5.64,5.640000000000000000,300,3,1692.00,300,100.00,0.00,0.00
7-June-2017,5.93,5.93,5.93,5.93,5.930000000000000000,200,1,1186.00,200,100.00,0.00,0.00
29-May-2017,6.24,6.24,6.24,6.24,6.240000000000000000,525,2,3276.00,525,100.00,0.00,0.00
25-May-2017,6.56,6.56,6.56,6.56,6.560000000000000000,250,3,1640.00,250,100.00,0.00,0.00
24-May-2017,6.56,6.56,6.56,6.56,6.560000000000000000,300,1,1968.00,300,100.00,0.00,0.00
22-May-2017,6.90,6.90,6.90,6.90,6.900000000000000000,50,2,345.00,50,100.00,0.00,0.00
19-May-2017,6.58,6.91,6.58,6.58,6.602325581395348837,430,5,2839.00,430,100.00,0.33,0.00
15-May-2017,6.59,6.59,6.59,6.59,6.590000000000000000,100,1,659.00,100,100.00,0.00,0.00
11-May-2017,6.33,6.33,6.33,6.33,6.329957805907172995,1185,9,7501.00,1185,100.00,0.00,0.00
10-May-2017,6.03,6.03,6.03,6.03,6.029595015576323987,642,6,3871.00,642,100.00,0.00,0.00
9-May-2017,5.21,5.75,5.21,5.75,5.632608695652173913,460,3,2591.00,460,100.00,0.54,0.54
2-May-2017,5.48,5.48,5.48,5.48,5.480000000000000000,200,1,1096.00,200,100.00,0.00,0.00
28-April-2017,5.46,5.46,5.46,5.46,5.460000000000000000,350,1,1911.00,350,100.00,0.00,0.00
26-April-2017,5.72,5.72,5.20,5.20,5.333333333333333333,192,2,1024.00,192,100.00,0.52,-0.52
25-April-2017,5.45,5.94,5.44,5.45,5.497931034482758620,5800,13,31888.00,5800,100.00,0.50,0.00
24-April-2017,5.71,5.71,5.71,5.71,5.710000000000000000,100,1,571.00,100,100.00,0.00,0.00
21-April-2017,6.05,6.05,6.00,6.00,6.004983388704318936,3010,8,18075.00,3010,100.00,0.05,-0.05
20-April-2017,6.31,6.31,6.31,6.31,6.306666666666666666,150,1,946.00,150,100.00,0.00,0.00
18-April-2017,7.19,7.20,6.63,6.63,7.035401459854014598,2740,15,19277.00,2740,100.00,0.57,-0.56
17-April-2017,6.97,6.97,6.97,6.97,6.969411764705882352,425,4,2962.00,425,100.00,0.00,0.00
13-April-2017,6.64,6.64,6.60,6.64,6.610797743755036261,1241,9,8204.00,1241,100.00,0.04,0.00
12-April-2017,6.33,6.33,6.33,6.33,6.329450915141430948,1202,5,7608.00,1202,100.00,0.00,0.00
11-April-2017,6.03,6.03,6.03,6.03,6.030000000000000000,100,1,603.00,100,100.00,0.00,0.00
10-April-2017,5.75,5.75,5.75,5.75,5.750000000000000000,200,2,1150.00,200,100.00,0.00,0.00
6-April-2017,5.52,5.52,5.52,5.52,5.520000000000000000,200,1,1104.00,200,100.00,0.00,0.00
30-March-2017,5.81,5.81,5.81,5.81,5.810000000000000000,500,1,2905.00,500,100.00,0.00,0.00
28-March-2017,5.81,5.81,5.81,5.81,5.810000000000000000,100,1,581.00,100,100.00,0.00,0.00
27-March-2017,6.08,6.11,6.08,6.11,6.100877192982456140,1140,7,6955.00,1140,100.00,0.03,0.03
24-March-2017,6.40,6.40,6.40,6.40,6.400000000000000000,500,4,3200.00,500,100.00,0.00,0.00
23-March-2017,6.73,6.73,6.73,6.73,6.727777777777777777,360,3,2422.00,360,100.00,0.00,0.00
22-March-2017,7.08,7.08,7.00,7.08,7.062857142857142857,2100,8,14832.00,2100,100.00,0.08,0.00
21-March-2017,6.13,6.75,6.13,6.75,6.248000000000000000,125,2,781.00,125,100.00,0.62,0.62
20-March-2017,6.18,6.48,6.18,6.45,6.428327645051194539,586,5,3767.00,586,100.00,0.30,0.27
17-March-2017,6.18,6.18,6.18,6.18,6.180000000000000000,100,3,618.00,100,100.00,0.00,0.00
16-March-2017,6.50,6.83,6.19,6.50,6.558513309894525364,1991,10,13058.00,1991,100.00,0.64,0.00
15-March-2017,6.51,6.51,6.51,6.51,6.510000000000000000,200,1,1302.00,200,100.00,0.00,0.00
14-March-2017,6.83,6.83,6.20,6.20,6.752727272727272727,825,8,5571.00,825,100.00,0.63,-0.63
10-March-2017,6.51,6.51,6.51,6.51,6.500000000000000000,50,1,325.00,50,100.00,0.00,0.00
8-March-2017,6.84,6.84,6.20,6.20,6.716226415094339622,1325,9,8899.00,1325,100.00,0.64,-0.64
7-March-2017,6.88,6.88,6.24,6.52,6.455497382198952879,764,11,4932.00,764,100.00,0.64,-0.36
6-March-2017,6.88,6.88,6.24,6.56,6.275334608030592734,1569,17,9846.00,1569,100.00,0.64,-0.32
3-March-2017,6.56,6.56,6.56,6.56,6.550000000000000000,20,1,131.00,20,100.00,0.00,0.00
2-March-2017,6.25,6.25,6.25,6.25,6.248888888888888888,225,3,1406.00,225,100.00,0.00,0.00
1-March-2017,6.18,6.18,6.18,6.18,6.179381443298969072,970,7,5994.00,970,100.00,0.00,0.00
28-February-2017,6.00,6.00,5.89,5.89,5.890000000000000000,100,2,589.00,100,100.00,0.11,-0.11
27-February-2017,5.91,6.21,5.91,6.20,5.961643835616438356,365,5,2176.00,365,100.00,0.30,0.29
23-February-2017,5.70,6.22,5.70,6.22,5.722709163346613545,1255,4,7182.00,1255,100.00,0.52,0.52
22-February-2017,5.99,5.99,5.99,5.99,5.990000000000000000,200,3,1198.00,200,100.00,0.00,0.00
21-February-2017,5.17,5.71,5.17,5.71,5.192339716902581182,1201,8,6236.00,1201,100.00,0.54,0.54
20-February-2017,5.44,5.44,5.44,5.44,5.440000000000000000,450,3,2448.00,450,100.00,0.00,0.00
17-February-2017,5.46,5.46,5.19,5.19,5.324752475247524752,505,6,2689.00,505,100.00,0.27,-0.27
16-February-2017,5.96,5.96,5.46,5.46,5.844615384615384615,2600,6,15196.00,2600,100.00,0.50,-0.50
15-February-2017,5.70,5.74,5.70,5.74,5.718521796857711883,4519,16,25842.00,4519,100.00,0.04,0.04
14-February-2017,5.21,5.47,5.05,5.47,5.223731236597569692,1399,5,7308.00,1399,100.00,0.42,0.26
13-February-2017,5.21,5.21,5.21,5.21,5.209700427960057061,701,4,3652.00,701,100.00,0.00,0.00
10-February-2017,4.74,4.97,4.74,4.97,4.780685920577617328,1108,6,5297.00,1108,100.00,0.23,0.23
8-February-2017,4.30,4.74,4.30,4.74,4.486274509803921568,1530,9,6864.00,1530,100.00,0.44,0.44
7-February-2017,4.52,4.52,4.52,4.52,4.516666666666666666,180,1,813.00,180,100.00,0.00,0.00
6-February-2017,4.75,4.75,4.75,4.75,4.750000000000000000,180,2,855.00,180,100.00,0.00,0.00
3-February-2017,5.00,5.00,5.00,5.00,5.000000000000000000,150,2,750.00,150,100.00,0.00,0.00
2-February-2017,5.19,5.19,5.19,5.19,5.000000000000000000,1,1,5.00,1,100.00,0.00,0.00
24-January-2017,4.95,4.95,4.95,4.95,4.946666666666666666,150,1,742.00,150,100.00,0.00,0.00
17-January-2017,5.33,5.33,5.00,5.00,5.106666666666666666,150,2,766.00,150,100.00,0.33,-0.33
5-January-2017,5.08,5.08,5.08,5.08,5.080000000000000000,25,1,127.00,25,100.00,0.00,0.00
4-January-2017,4.84,4.84,4.84,4.84,4.840000000000000000,625,2,3025.00,625,100.00,0.00,0.00
30-December-2016,4.61,4.61,4.61,4.61,4.610000000000000000,200,2,922.00,200,100.00,0.00,0.00
28-December-2016,4.61,4.61,4.61,4.61,4.610000000000000000,300,4,1383.00,300,100.00,0.00,0.00
27-December-2016,4.85,4.85,4.85,4.85,4.840000000000000000,50,1,242.00,50,100.00,0.00,0.00
26-December-2016,4.86,4.86,4.86,4.86,4.860000000000000000,100,1,486.00,100,100.00,0.00,0.00
19-December-2016,4.86,4.86,4.86,4.86,4.840000000000000000,25,1,121.00,25,100.00,0.00,0.00
14-December-2016,4.63,4.63,4.63,4.63,4.626666666666666666,150,1,694.00,150,100.00,0.00,0.00
12-December-2016,4.63,4.63,4.63,4.63,4.600000000000000000,25,1,115.00,25,100.00,0.00,0.00
7-December-2016,4.00,4.41,4.00,4.41,4.270270270270270270,37,3,158.00,37,100.00,0.41,0.41
2-December-2016,4.20,4.20,4.20,4.20,4.200000000000000000,50,1,210.00,50,100.00,0.00,0.00
1-December-2016,4.00,4.00,4.00,4.00,4.000000000000000000,50,1,200.00,50,100.00,0.00,0.00
30-November-2016,3.81,3.81,3.81,3.81,3.800000000000000000,50,1,190.00,50,100.00,0.00,0.00
29-November-2016,3.63,3.63,3.63,3.63,3.630000000000000000,100,1,363.00,100,100.00,0.00,0.00
1-November-2016,3.63,3.63,3.63,3.63,3.630000000000000000,100,1,363.00,100,100.00,0.00,0.00
26-October-2016,3.40,3.46,3.40,3.46,3.423153692614770459,501,7,1715.00,501,100.00,0.06,0.06
25-October-2016,3.46,3.48,3.30,3.30,3.440000000000000000,600,4,2064.00,600,100.00,0.18,-0.16
24-October-2016,3.46,3.46,3.46,3.46,3.459098497495826377,599,4,2072.00,599,100.00,0.00,0.00
21-October-2016,3.30,3.30,3.30,3.30,3.300000000000000000,500,1,1650.00,500,100.00,0.00,0.00
20-October-2016,3.14,3.45,3.13,3.45,3.158017041053446940,1291,8,4077.00,1291,100.00,0.32,0.31
19-October-2016,2.99,3.29,2.99,3.29,3.071883530482256596,1099,3,3376.00,1099,100.00,0.30,0.30
18-October-2016,3.14,3.14,3.14,3.14,3.140000000000000000,1200,2,3768.00,1200,100.00,0.00,0.00
10-October-2016,3.30,3.30,3.30,3.30,3.299905168326220957,4218,3,13919.00,4218,100.00,0.00,0.00
7-October-2016,3.30,3.30,3.30,3.30,3.300000000000000000,100,1,330.00,100,100.00,0.00,0.00
6-October-2016,3.47,3.47,3.47,3.47,3.469830295411690760,3182,4,11041.00,3182,100.00,0.00,0.00
3-October-2016,3.65,3.65,3.65,3.65,3.650000000000000000,100,2,365.00,100,100.00,0.00,0.00
26-September-2016,3.61,3.61,3.61,3.61,3.609561752988047808,251,4,906.00,251,100.00,0.00,0.00
22-September-2016,3.79,3.79,3.79,3.79,3.790000000000000000,200,2,758.00,200,100.00,0.00,0.00
20-September-2016,3.98,3.98,3.98,3.98,3.980000000000000000,200,2,796.00,200,100.00,0.00,0.00
19-September-2016,3.98,3.98,3.98,3.98,3.975000000000000000,160,1,636.00,160,100.00,0.00,0.00
15-September-2016,4.18,4.18,4.18,4.18,4.180000000000000000,500,1,2090.00,500,100.00,0.00,0.00
7-September-2016,4.04,4.24,3.84,3.99,4.047619047619047619,651,5,2635.00,651,100.00,0.40,-0.05
6-September-2016,4.35,4.35,4.04,4.04,4.313043478260869565,230,2,992.00,230,100.00,0.31,-0.31
1-September-2016,4.25,4.25,4.25,4.25,4.240000000000000000,50,1,212.00,50,100.00,0.00,0.00
31-August-2016,4.47,4.47,4.47,4.47,4.466666666666666666,75,1,335.00,75,100.00,0.00,0.00
29-August-2016,4.50,4.50,4.47,4.47,4.489533011272141706,621,6,2788.00,621,100.00,0.03,-0.03
26-August-2016,4.70,4.70,4.70,4.70,4.636363636363636363,11,1,51.00,11,100.00,0.00,0.00
23-August-2016,4.75,4.75,4.75,4.75,4.750000000000000000,1100,3,5225.00,1100,100.00,0.00,0.00
19-August-2016,5.00,5.00,5.00,5.00,5.000000000000000000,11000,2,55000.00,11000,100.00,0.00,0.00
16-August-2016,5.10,5.10,5.10,5.10,5.100000000000000000,40,1,204.00,40,100.00,0.00,0.00
10-August-2016,5.15,5.15,5.15,5.15,5.140000000000000000,50,1,257.00,50,100.00,0.00,0.00
8-August-2016,5.40,5.40,5.40,5.40,5.400000000000000000,1200,2,6480.00,1200,100.00,0.00,0.00
28-July-2016,5.22,5.22,5.22,5.22,5.215686274509803921,51,1,266.00,51,100.00,0.00,0.00
27-July-2016,5.22,5.22,5.22,5.22,5.220000000000000000,200,1,1044.00,200,100.00,0.00,0.00
14-July-2016,5.49,5.49,5.49,5.49,5.470588235294117647,51,1,279.00,51,100.00,0.00,0.00
7-July-2016,5.26,5.26,5.26,5.26,5.260000000000000000,100,1,526.00,100,100.00,0.00,0.00
28-June-2016,5.53,5.53,5.53,5.53,5.500000000000000000,2,1,11.00,2,100.00,0.00,0.00
21-June-2016,5.28,5.28,5.28,5.28,5.280000000000000000,8000,5,42240.00,8000,100.00,0.00,0.00
20-June-2016,5.55,5.55,5.55,5.55,5.520000000000000000,25,1,138.00,25,100.00,0.00,0.00
16-June-2016,5.84,5.84,5.84,5.84,5.840000000000000000,25,1,146.00,25,100.00,0.00,0.00
15-June-2016,6.14,6.14,6.14,6.14,6.140000000000000000,20000,11,122800.00,20000,100.00,0.00,0.00
31-May-2016,6.46,6.46,6.46,6.46,6.000000000000000000,1,1,6.00,1,100.00,0.00,0.00
25-May-2016,6.80,6.80,6.80,6.80,6.800000000000000000,5,1,34.00,5,100.00,0.00,0.00
18-May-2016,6.78,6.78,6.78,6.78,6.714285714285714285,7,2,47.00,7,100.00,0.00,0.00
16-May-2016,6.80,6.80,6.80,6.80,6.800000000000000000,5,1,34.00,5,100.00,0.00,0.00
5-May-2016,6.77,6.77,6.77,6.77,6.600000000000000000,5,1,33.00,5,100.00,0.00,0.00
26-April-2016,6.46,6.46,6.46,6.46,6.400000000000000000,5,1,32.00,5,100.00,0.00,0.00
25-April-2016,6.20,6.20,6.20,6.20,6.200000000000000000,5,1,31.00,5,100.00,0.00,0.00
21-April-2016,5.99,5.99,5.99,5.99,5.800000000000000000,5,1,29.00,5,100.00,0.00,0.00
18-April-2016,5.71,5.71,5.71,5.71,5.600000000000000000,5,1,28.00,5,100.00,0.00,0.00
13-April-2016,5.44,5.44,5.44,5.44,5.000000000000000000,2,1,10.00,2,100.00,0.00,0.00
12-April-2016,5.30,5.30,5.30,5.30,5.000000000000000000,2,1,10.00,2,100.00,0.00,0.00
11-April-2016,5.08,5.08,5.08,5.08,5.000000000000000000,5,1,25.00,5,100.00,0.00,0.00
7-April-2016,4.70,4.87,4.70,4.87,4.750000000000000000,16,3,76.00,16,100.00,0.17,0.17
5-April-2016,4.64,4.64,4.64,4.64,4.600000000000000000,10,1,46.00,10,100.00,0.00,0.00
1-April-2016,4.47,4.47,4.47,4.47,4.467889908256880733,109,2,487.00,109,100.00,0.00,0.00
31-March-2016,4.26,4.26,4.26,4.26,4.254901960784313725,51,2,217.00,51,100.00,0.00,0.00
29-March-2016,4.07,4.07,4.07,4.07,4.060000000000000000,50,1,203.00,50,100.00,0.00,0.00
28-March-2016,4.28,4.28,4.28,4.28,4.200000000000000000,10,1,42.00,10,100.00,0.00,0.00
23-March-2016,4.08,4.08,4.08,4.08,4.080000000000000000,50,1,204.00,50,100.00,0.00,0.00
22-March-2016,4.73,4.73,4.29,4.29,4.350000000000000000,60,2,261.00,60,100.00,0.44,-0.44
18-March-2016,4.51,4.51,4.51,4.51,4.500000000000000000,50,1,225.00,50,100.00,0.00,0.00
16-March-2016,4.56,4.79,4.56,4.74,4.700000000000000000,10,2,47.00,10,100.00,0.23,0.18
15-March-2016,4.50,4.79,4.45,4.79,4.584745762711864406,590,6,2705.00,590,100.00,0.34,0.29
14-March-2016,4.24,4.68,4.24,4.68,4.272727272727272727,110,2,470.00,110,100.00,0.44,0.44
10-March-2016,4.20,4.64,4.20,4.46,4.585600000000000000,2500,14,11464.00,2500,100.00,0.44,0.26
9-March-2016,4.42,4.42,4.42,4.42,4.400000000000000000,20,2,88.00,20,100.00,0.00,0.00
4-March-2016,3.95,4.22,3.95,4.22,3.950649350649350649,3080,6,12168.00,3080,100.00,0.27,0.27
3-March-2016,4.20,4.20,3.86,4.15,3.912328767123287671,365,6,1428.00,365,100.00,0.34,-0.05
2-March-2016,4.06,4.06,4.06,4.06,4.000000000000000000,10,1,40.00,10,100.00,0.00,0.00
1-March-2016,3.87,3.87,3.87,3.87,3.869523809523809523,1050,5,4063.00,1050,100.00,0.00,0.00
29-February-2016,3.69,3.69,3.69,3.69,3.680000000000000000,50,1,184.00,50,100.00,0.00,0.00
26-February-2016,3.52,3.52,3.52,3.52,3.520000000000000000,100,4,352.00,100,100.00,0.00,0.00
25-February-2016,3.39,3.52,3.39,3.52,3.476666666666666666,600,6,2086.00,600,100.00,0.13,0.13
24-February-2016,3.39,3.39,3.39,3.39,3.390000000000000000,600,2,2034.00,600,100.00,0.00,0.00
23-February-2016,3.23,3.23,3.23,3.23,3.230000000000000000,100,2,323.00,100,100.00,0.00,0.00
22-February-2016,3.08,3.08,3.08,3.08,3.080000000000000000,50,5,154.00,50,100.00,0.00,0.00
19-February-2016,2.94,2.94,2.94,2.94,2.000000000000000000,1,1,2.00,1,100.00,0.00,0.00
18-February-2016,2.80,2.80,2.80,2.80,2.000000000000000000,1,1,2.00,1,100.00,0.00,0.00
15-February-2016,2.62,2.88,2.62,2.67,2.692000000000000000,500,3,1346.00,500,100.00,0.26,0.05
11-February-2016,2.72,3.00,2.72,2.75,2.767932489451476793,711,3,1968.00,711,100.00,0.28,0.03
4-February-2016,2.86,2.86,2.86,2.86,2.857142857142857142,98,1,280.00,98,100.00,0.00,0.00
3-February-2016,3.00,3.00,3.00,3.00,3.000000000000000000,250,1,750.00,250,100.00,0.00,0.00
29-January-2016,3.05,3.05,3.05,3.05,3.049845930759470726,5517,1,16826.00,5517,100.00,0.00,0.00
27-January-2016,3.05,3.05,3.05,3.05,3.050000000000000000,200,1,610.00,200,100.00,0.00,0.00
7-January-2016,3.05,3.05,3.05,3.05,3.050000000000000000,460,1,1403.00,460,100.00,0.00,0.00
6-January-2016,3.09,3.09,3.09,3.09,3.000000000000000000,5,1,15.00,5,100.00,0.00,0.00
